{
  "train_loss": [
    0.2850676484937298,
    0.22882578875235438,
    0.20899052008070926,
    0.19642684273105634,
    0.1870386866286278,
    0.1780930512837693,
    0.1716603642055154,
    0.1667151234653761,
    0.16273591615879768,
    0.15830846448372107,
    0.15666494034163225,
    0.15307891138832913,
    0.1490884594298499,
    0.14566413591611727,
    0.1316011199892843,
    0.12496940267114899,
    0.12316667368036519,
    0.12052491007313924,
    0.11790663741350822,
    0.11550809416748675,
    0.10643339642557828,
    0.10340041048133557,
    0.10140497504740281,
    0.09768072311210876,
    0.09803324900784494
  ],
  "val_loss": [
    0.19953026854692843,
    0.1812696729052675,
    0.16784688478299392,
    0.1596469303764382,
    0.15550348997014954,
    0.14567985042429393,
    0.13933592950224283,
    0.14278893599043094,
    0.12971945026436368,
    0.1267226199736748,
    0.1296080154484293,
    0.12904983342195941,
    0.1341208475991251,
    0.13114859375061086,
    0.11744252838525768,
    0.10896940730262014,
    0.11523415450308774,
    0.10973197746935678,
    0.10958058341575484,
    0.11351540983996454,
    0.10801321955393436,
    0.11039394860198434,
    0.10744681426269433,
    0.10504224849520576,
    0.10616402475676014
  ],
  "train_auc": [
    0.9462880557457224,
    0.9650881407392725,
    0.9708598367762542,
    0.9740486559200457,
    0.9764286437788565,
    0.978578483481878,
    0.9801219647603737,
    0.9811416164309612,
    0.9820094972085426,
    0.9828155914027272,
    0.983364570185882,
    0.984065807068495,
    0.9846646547126813,
    0.9856194633990161,
    0.9880561324199589,
    0.9892107161057341,
    0.9896026036591413,
    0.9899855481329134,
    0.9904245434406647,
    0.990824598278599,
    0.992180729446698,
    0.9926216328333572,
    0.9928474359770274,
    0.9934017452239964,
    0.9933120896588241
  ],
  "val_auc": [
    0.9741512272308742,
    0.9803798313171657,
    0.9822896803359137,
    0.9830560005688205,
    0.9842033561080973,
    0.9857451986873241,
    0.9874144422505154,
    0.9874066782649487,
    0.9884172478455588,
    0.9890146842491454,
    0.9886966237040162,
    0.9890070745527915,
    0.9890972385019563,
    0.9880891680256308,
    0.990816410816294,
    0.9919026144928056,
    0.9913960944363965,
    0.9916644167108886,
    0.9917502148467763,
    0.9911122137138896,
    0.9921673004943717,
    0.9925151902872862,
    0.9923124371185743,
    0.9926086400252396,
    0.9927988557668173
  ],
  "training_time_sec": 1913.3931951411068,
  "training_memory_delta_mb": 153.851904
}