{
  "deterministic": {
    "auc_roc": 0.9923477655386687,
    "accuracy": 0.9631256817355472,
    "f1_score": 0.9546589173279684,
    "precision": 0.9509389148667706,
    "recall": 0.9584081388390185,
    "ece": 0.011299536449495726,
    "brier_score": 0.02834293778253106,
    "nll": NaN,
    "auc": 0.9923477655386687,
    "brier": 0.02834293778253106
  },
  "mc_dropout": {
    "auc_roc": 0.9898187481950068,
    "accuracy": 0.9557629378257181,
    "f1_score": 0.9459419431279621,
    "precision": 0.9365102639296188,
    "recall": 0.9555655296229802,
    "ece": 0.017679240294199258,
    "brier_score": 0.034377763895432054,
    "nll": NaN,
    "auc": 0.9898187481950068,
    "brier": 0.034377763895432054
  },
  "laplace": {
    "auc_roc": 0.9923537466266663,
    "accuracy": 0.9632468791661617,
    "f1_score": 0.9548079430721658,
    "precision": 0.9510873599049952,
    "recall": 0.958557749850389,
    "ece": 0.011245551227091094,
    "brier_score": 0.028327811942997164,
    "nll": NaN,
    "auc": 0.9923537466266663,
    "brier": 0.028327811942997164
  }
}