{
  "deterministic": {
    "auc_roc": 0.9923477655386687,
    "accuracy": 0.9631256817355472,
    "f1_score": 0.9546589173279684,
    "precision": 0.9509389148667706,
    "recall": 0.9584081388390185,
    "ece": 0.006389918585134865,
    "brier_score": 0.02834293778253106,
    "nll": 0.10648128760256284,
    "auc": 0.9923477655386687,
    "brier": 0.02834293778253106,
    "inference_time_sec": 12.942539218813181,
    "inference_memory_delta_mb": 0.0
  },
  "mc_dropout": {
    "auc_roc": 0.9923389958160119,
    "accuracy": 0.9604290389043753,
    "f1_score": 0.9516940375795236,
    "precision": 0.941249634182031,
    "recall": 0.9623728306403351,
    "ece": 0.004819127175670894,
    "brier_score": 0.03015014029875295,
    "nll": 0.10947137408794727,
    "auc": 0.9923389958160119,
    "brier": 0.03015014029875295,
    "inference_time_sec": 66.34494405984879,
    "inference_memory_delta_mb": 0.0,
    "referral_rate": 0.0,
    "coverage": 1.0,
    "accuracy_on_confident": 0.9604290389043753
  },
  "laplace": {
    "auc_roc": 0.9923538171044549,
    "accuracy": 0.9632468791661617,
    "f1_score": 0.9548079430721658,
    "precision": 0.9510873599049952,
    "recall": 0.958557749850389,
    "ece": 0.24548816735177972,
    "brier_score": 0.09085602990676005,
    "nll": 0.3538705544107195,
    "auc": 0.9923538171044549,
    "brier": 0.09085602990676005,
    "inference_time_sec": 11.149181831628084,
    "inference_memory_delta_mb": -0.045568,
    "referral_rate": 0.0,
    "coverage": 1.0,
    "accuracy_on_confident": 0.9632468791661617
  }
}