{
  "deterministic": {
    "auc_roc": 0.9923476626791935,
    "accuracy": 0.9631256817355472,
    "f1_score": 0.9546589173279684,
    "precision": 0.9509389148667706,
    "recall": 0.9584081388390185,
    "ece": 0.006389156879365969,
    "brier_score": 0.02834328358857547,
    "nll": 0.10648202836230822,
    "auc": 0.9923476626791935,
    "brier": 0.02834328358857547,
    "inference_time_sec": 132.38809680001577,
    "inference_memory_delta_mb": 0.0
  },
  "mc_dropout": {
    "auc_roc": 0.9923499713029684,
    "accuracy": 0.9605805356926433,
    "f1_score": 0.9518843152483449,
    "precision": 0.9413356740545681,
    "recall": 0.962672052663076,
    "ece": 0.004868725327251534,
    "brier_score": 0.030159824301842917,
    "nll": 0.10943909151814324,
    "auc": 0.9923499713029684,
    "brier": 0.030159824301842917,
    "inference_time_sec": 449.5807324000052,
    "inference_memory_delta_mb": 0.0,
    "referral_rate": 0.15073930432674829,
    "coverage": 0.8492606956732517,
    "accuracy_on_confident": 0.9904027971030005,
    "false_negative_rate_non_referred": 0.010336355163941371,
    "false_negatives_non_referred": 122,
    "non_referred_positives": 11803,
    "uncertainty_threshold": 0.00010697950601752375,
    "triage_percentile": 85
  },
  "laplace": {
    "auc_roc": 0.9923510589466775,
    "accuracy": 0.9630347836625863,
    "f1_score": 0.9545488413680053,
    "precision": 0.9507941220127654,
    "recall": 0.9583333333333334,
    "ece": 0.2455548632010924,
    "brier_score": 0.09086011479188008,
    "nll": 0.35387880333342503,
    "auc": 0.9923510589466775,
    "brier": 0.09086011479188008,
    "inference_time_sec": 55.546962600026745,
    "inference_memory_delta_mb": 0.0,
    "referral_rate": 0.15083020239970912,
    "coverage": 0.8491697976002909,
    "accuracy_on_confident": 0.9913294797687862,
    "false_negative_rate_non_referred": 0.011665360842691739,
    "false_negatives_non_referred": 134,
    "non_referred_positives": 11487,
    "uncertainty_threshold": 5.562150931837088e-06,
    "triage_percentile": 85
  }
}