{
  "fit_time_sec": 68.55533409118652,
  "fit_memory_delta_mb": 47.005184
}