{
  "train_loss": [
    0.28363788648414745,
    0.22999042243813617,
    0.20950557953423576,
    0.19778663299684288,
    0.18797952865019726,
    0.18079742453603673,
    0.17570349106611885,
    0.16789852109596845,
    0.16529956852165967,
    0.16091311334672784,
    0.15607358367650967,
    0.1532314672678268,
    0.15089661475873184,
    0.14684028032820348,
    0.13155485079795098,
    0.127048305171422,
    0.12400875453119493,
    0.12185958477747007,
    0.11852532097678083,
    0.11042905918845976,
    0.10655878634956756,
    0.10559800991123193,
    0.10114727914033418,
    0.10221750065704152,
    0.09943470933099155
  ],
  "val_loss": [
    0.19937415733985822,
    0.1764201085566174,
    0.1658807722778266,
    0.15968831742067016,
    0.14354004411390514,
    0.16362621085367235,
    0.14045752372641,
    0.1396304688017638,
    0.1453683676872885,
    0.1293355965840789,
    0.14382797061093083,
    0.13604878842805374,
    0.12785094923148688,
    0.1335481874569808,
    0.11584672612008175,
    0.11588092907990503,
    0.11653938484692512,
    0.1120568520886481,
    0.11336717304822504,
    0.10811269206043779,
    0.10972081649555912,
    0.1069407784800474,
    0.10789336421569973,
    0.1088487491893842,
    0.10743181467500545
  ],
  "train_auc": [
    0.9467241023590509,
    0.9648253232792715,
    0.9706659981266007,
    0.9738156009379113,
    0.97619342781959,
    0.9779331718529006,
    0.9789271307740101,
    0.9808108081642297,
    0.9814230780357904,
    0.9823881194922195,
    0.9834577001328644,
    0.98390486892999,
    0.9845608295869503,
    0.9852278453782457,
    0.9880001143969169,
    0.9888447388564011,
    0.989361634851075,
    0.9897704783499586,
    0.9902385165598229,
    0.9915847886609928,
    0.9920591997198105,
    0.992268794781776,
    0.9928442238071906,
    0.9927721061516922,
    0.9931412482934444
  ],
  "val_auc": [
    0.9742902951460446,
    0.9796179435657146,
    0.9822121395301122,
    0.9827268235811579,
    0.9860151038548501,
    0.9858079391575385,
    0.9868980933998169,
    0.9870002042865369,
    0.986445675522517,
    0.9893720980675341,
    0.9880819964344487,
    0.987830550733097,
    0.9889313585502708,
    0.9890417724823992,
    0.9913574630842678,
    0.9911143547148161,
    0.9911174214510189,
    0.9913978601907194,
    0.9913228470612789,
    0.9919768961770897,
    0.9919480917144452,
    0.9921416675322101,
    0.9922375611351004,
    0.9926249337280211,
    0.9923059664956669
  ],
  "training_time_sec": 1912.5136285945773,
  "training_memory_delta_mb": 90.54208
}