{
  "device": "cuda",
  "max_batches": 20,
  "repeats": 10,
  "warmup": 3,
  "mc_samples": 50,
  "laplace_samples": 100,
  "deterministic": {
    "name": "deterministic",
    "mean_sec": 0.17915803000068992,
    "std_sec": 0.0019470938194966819,
    "min_sec": 0.1770878000097582,
    "max_sec": 0.18408849999832455,
    "mean_ms_per_batch": 8.957901500034495,
    "mean_ms_per_image": 0.139967210938039,
    "repeats": 10,
    "num_batches": 20,
    "batch_size": 64,
    "num_images": 1280
  },
  "mc_dropout_full": {
    "name": "mc_dropout_full",
    "mean_sec": 8.830742419995659,
    "std_sec": 0.03686379510792043,
    "min_sec": 8.763884999993024,
    "max_sec": 8.862570099998266,
    "mean_ms_per_batch": 441.5371209997829,
    "mean_ms_per_image": 6.899017515621608,
    "repeats": 10,
    "num_batches": 20,
    "batch_size": 64,
    "num_images": 1280
  },
  "laplace_predict_proba": {
    "name": "laplace_predict_proba",
    "mean_sec": 0.20067041000147584,
    "std_sec": 0.0026929764605282246,
    "min_sec": 0.19424609999987297,
    "max_sec": 0.20375489999423735,
    "mean_ms_per_batch": 10.033520500073791,
    "mean_ms_per_image": 0.156773757813653,
    "repeats": 10,
    "num_batches": 20,
    "batch_size": 64,
    "num_images": 1280
  },
  "laplace_full": {
    "name": "laplace_full",
    "mean_sec": 0.44835585999971955,
    "std_sec": 0.012482087464241917,
    "min_sec": 0.4304732000018703,
    "max_sec": 0.4671486000006553,
    "mean_ms_per_batch": 22.417792999985977,
    "mean_ms_per_image": 0.3502780156247809,
    "repeats": 10,
    "num_batches": 20,
    "batch_size": 64,
    "num_images": 1280
  },
  "laplace_hook_info": {
    "predict_proba_layer4_calls": 0,
    "predict_proba_fc_calls": 0,
    "predict_with_uncertainty_layer4_calls": 0,
    "predict_with_uncertainty_fc_calls": 0
  },
  "interpretation_hint": {
    "expected_pattern": "laplace_predict_proba deber\u00eda ser del mismo orden que deterministic; laplace_full deber\u00eda ser >= laplace_predict_proba y normalmente >= deterministic. Si predict_with_uncertainty ejecuta layer4 solo una vez y fc muchas veces, laplace-torch probablemente reutiliza el backbone y muestrea solo la \u00faltima capa."
  }
}