{
  "train_loss": [
    0.28465383140148703,
    0.22875035470651078,
    0.20873822097586617,
    0.19672186317991963,
    0.1873326980357976,
    0.17811839460581236,
    0.17173110571792863,
    0.16702791828502592,
    0.16299692965876136,
    0.15861814652967784,
    0.15629867794081548,
    0.15375097768834306,
    0.14931954340193354,
    0.1461200050715196,
    0.1445944193188671,
    0.1412676447032284,
    0.14050082691216553,
    0.13823523355910997,
    0.1355792209777419,
    0.13385955891885076,
    0.12002753863821998,
    0.11517230470119968,
    0.1122323021924368,
    0.10850785241091442,
    0.10877103588883673
  ],
  "val_loss": [
    0.202773204808119,
    0.17985691997394057,
    0.1669259208884691,
    0.1594101504898262,
    0.1540639063847049,
    0.14428067213837964,
    0.14050458374619124,
    0.14510975390358444,
    0.13189613285138455,
    0.12613863102372033,
    0.13154596604389676,
    0.12226642991111736,
    0.1315739124249421,
    0.1299341355860522,
    0.12541562150710064,
    0.11638801960325822,
    0.1204658488888276,
    0.11723152510058792,
    0.11536948659169777,
    0.1239672373285432,
    0.10933019582702744,
    0.11124179726587312,
    0.11431922045798319,
    0.10506500708127316,
    0.108540099460251
  ],
  "train_auc": [
    0.9464815125276334,
    0.9651240220827894,
    0.9708994505983322,
    0.9739726959329305,
    0.9763134239044626,
    0.978559037942063,
    0.9800559167794376,
    0.9811095037259383,
    0.9819287907659258,
    0.9827905376279092,
    0.9834224644436773,
    0.9839441796784398,
    0.984687028896752,
    0.9854949285887467,
    0.9856320943393619,
    0.9863476511832081,
    0.9865049082510965,
    0.9868888628060145,
    0.9874544778517733,
    0.9877815483185881,
    0.9900785597450001,
    0.9909084336975439,
    0.9912502635203752,
    0.9918955367268119,
    0.9918017509121406
  ],
  "val_auc": [
    0.9731124284387584,
    0.9805595744403317,
    0.9824866562307728,
    0.983169686956102,
    0.9844158047347419,
    0.9856901231528115,
    0.9874180461417548,
    0.9869641253732351,
    0.9882675968332815,
    0.9890446849293894,
    0.9886155913904761,
    0.9898908679255082,
    0.989483184395861,
    0.9881818348886906,
    0.9895412466647624,
    0.9907764975303364,
    0.9902302280012079,
    0.9903731340986445,
    0.9906269379487036,
    0.9890999623732422,
    0.9919783990683095,
    0.9922235874849246,
    0.9915974399541432,
    0.9924503945323743,
    0.9922301933489935
  ]
}