{
  "deterministic": {
    "train_loss": [
      0.2850676484937298,
      0.22882578875235438,
      0.20899052008070926,
      0.19642684273105634,
      0.1870386866286278,
      0.1780930512837693,
      0.1716603642055154,
      0.1667151234653761,
      0.16273591615879768,
      0.15830846448372107,
      0.15666494034163225,
      0.15307891138832913,
      0.1490884594298499,
      0.14566413591611727,
      0.1316011199892843,
      0.12496940267114899,
      0.12316667368036519,
      0.12052491007313924,
      0.11790663741350822,
      0.11550809416748675,
      0.10643339642557828,
      0.10340041048133557,
      0.10140497504740281,
      0.09768072311210876,
      0.09803324900784494
    ],
    "val_loss": [
      0.19953026854692843,
      0.1812696729052675,
      0.16784688478299392,
      0.1596469303764382,
      0.15550348997014954,
      0.14567985042429393,
      0.13933592950224283,
      0.14278893599043094,
      0.12971945026436368,
      0.1267226199736748,
      0.1296080154484293,
      0.12904983342195941,
      0.1341208475991251,
      0.13114859375061086,
      0.11744252838525768,
      0.10896940730262014,
      0.11523415450308774,
      0.10973197746935678,
      0.10958058341575484,
      0.11351540983996454,
      0.10801321955393436,
      0.11039394860198434,
      0.10744681426269433,
      0.10504224849520576,
      0.10616402475676014
    ],
    "train_auc": [
      0.9462880557457224,
      0.9650881407392725,
      0.9708598367762542,
      0.9740486559200457,
      0.9764286437788565,
      0.978578483481878,
      0.9801219647603737,
      0.9811416164309612,
      0.9820094972085426,
      0.9828155914027272,
      0.983364570185882,
      0.984065807068495,
      0.9846646547126813,
      0.9856194633990161,
      0.9880561324199589,
      0.9892107161057341,
      0.9896026036591413,
      0.9899855481329134,
      0.9904245434406647,
      0.990824598278599,
      0.992180729446698,
      0.9926216328333572,
      0.9928474359770274,
      0.9934017452239964,
      0.9933120896588241
    ],
    "val_auc": [
      0.9741512272308742,
      0.9803798313171657,
      0.9822896803359137,
      0.9830560005688205,
      0.9842033561080973,
      0.9857451986873241,
      0.9874144422505154,
      0.9874066782649487,
      0.9884172478455588,
      0.9890146842491454,
      0.9886966237040162,
      0.9890070745527915,
      0.9890972385019563,
      0.9880891680256308,
      0.990816410816294,
      0.9919026144928056,
      0.9913960944363965,
      0.9916644167108886,
      0.9917502148467763,
      0.9911122137138896,
      0.9921673004943717,
      0.9925151902872862,
      0.9923124371185743,
      0.9926086400252396,
      0.9927988557668173
    ]
  },
  "mc_dropout": {
    "train_loss": [
      0.28363788648414745,
      0.22999042243813617,
      0.20950557953423576,
      0.19778663299684288,
      0.18797952865019726,
      0.18079742453603673,
      0.17570349106611885,
      0.16789852109596845,
      0.16529956852165967,
      0.16091311334672784,
      0.15607358367650967,
      0.1532314672678268,
      0.15089661475873184,
      0.14684028032820348,
      0.13155485079795098,
      0.127048305171422,
      0.12400875453119493,
      0.12185958477747007,
      0.11852532097678083,
      0.11042905918845976,
      0.10655878634956756,
      0.10559800991123193,
      0.10114727914033418,
      0.10221750065704152,
      0.09943470933099155
    ],
    "val_loss": [
      0.19937415733985822,
      0.1764201085566174,
      0.1658807722778266,
      0.15968831742067016,
      0.14354004411390514,
      0.16362621085367235,
      0.14045752372641,
      0.1396304688017638,
      0.1453683676872885,
      0.1293355965840789,
      0.14382797061093083,
      0.13604878842805374,
      0.12785094923148688,
      0.1335481874569808,
      0.11584672612008175,
      0.11588092907990503,
      0.11653938484692512,
      0.1120568520886481,
      0.11336717304822504,
      0.10811269206043779,
      0.10972081649555912,
      0.1069407784800474,
      0.10789336421569973,
      0.1088487491893842,
      0.10743181467500545
    ],
    "train_auc": [
      0.9467241023590509,
      0.9648253232792715,
      0.9706659981266007,
      0.9738156009379113,
      0.97619342781959,
      0.9779331718529006,
      0.9789271307740101,
      0.9808108081642297,
      0.9814230780357904,
      0.9823881194922195,
      0.9834577001328644,
      0.98390486892999,
      0.9845608295869503,
      0.9852278453782457,
      0.9880001143969169,
      0.9888447388564011,
      0.989361634851075,
      0.9897704783499586,
      0.9902385165598229,
      0.9915847886609928,
      0.9920591997198105,
      0.992268794781776,
      0.9928442238071906,
      0.9927721061516922,
      0.9931412482934444
    ],
    "val_auc": [
      0.9742902951460446,
      0.9796179435657146,
      0.9822121395301122,
      0.9827268235811579,
      0.9860151038548501,
      0.9858079391575385,
      0.9868980933998169,
      0.9870002042865369,
      0.986445675522517,
      0.9893720980675341,
      0.9880819964344487,
      0.987830550733097,
      0.9889313585502708,
      0.9890417724823992,
      0.9913574630842678,
      0.9911143547148161,
      0.9911174214510189,
      0.9913978601907194,
      0.9913228470612789,
      0.9919768961770897,
      0.9919480917144452,
      0.9921416675322101,
      0.9922375611351004,
      0.9926249337280211,
      0.9923059664956669
    ]
  }
}