{
  "triage_percentile": 85,
  "mc_dropout": {
    "epistemic_threshold": 0.00010697950601752375,
    "epistemic_p50": 7.40644622965192e-07,
    "epistemic_p85": 0.00010697950347093865,
    "epistemic_p90": 0.00019464257638901472,
    "epistemic_p95": 0.0003070215752813965,
    "total_std_p50": 0.04324699565768242,
    "total_std_p85": 0.2287525087594986,
    "total_std_p90": 0.3054988980293274,
    "total_std_p95": 0.4257487952709198
  },
  "laplace": {
    "epistemic_threshold": 5.5065294645828475e-06,
    "epistemic_p50": 7.992907669063243e-09,
    "epistemic_p85": 5.506529305421282e-06,
    "epistemic_p90": 2.180121919082012e-05,
    "epistemic_p95": 0.00012018749112030491,
    "total_std_p50": 0.04959464073181152,
    "total_std_p85": 0.2100217193365097,
    "total_std_p90": 0.28420183062553406,
    "total_std_p95": 0.4070265591144562
  }
}