{
  "triage_percentile": 85,
  "mc_dropout": {
    "epistemic_threshold": 0.00010697950601752375,
    "epistemic_p50": 7.40644622965192e-07,
    "epistemic_p85": 0.00010697950347093865,
    "epistemic_p90": 0.00019464257638901472,
    "epistemic_p95": 0.0003070215752813965,
    "total_std_p50": 0.04324699565768242,
    "total_std_p85": 0.2287525087594986,
    "total_std_p90": 0.3054988980293274,
    "total_std_p95": 0.4257487952709198
  },
  "laplace": {
    "epistemic_threshold": 5.562150931837088e-06,
    "epistemic_p50": 8.073644863770824e-09,
    "epistemic_p85": 5.562150818150258e-06,
    "epistemic_p90": 2.2021433323970996e-05,
    "epistemic_p95": 0.00012140150647610426,
    "total_std_p50": 0.443716824054718,
    "total_std_p85": 0.45180460810661316,
    "total_std_p90": 0.45964503288269043,
    "total_std_p95": 0.4790351390838623
  }
}